"","baseMean","log2FoldChange","lfcSE","stat","pvalue","padj","condition"
"100C",3856.43392411893,-0.190432198320452,0.113188677456497,-1.68243151700084,0.0924851941622854,0.578000865658759,"Pancreatic Cancer"
"100D",297.96467226338,0.115748514333018,0.319024067809436,0.362820633339045,0.716738877493865,0.920619313982911,"Pancreatic Cancer"
"101B",3837.96486676756,0.0441502559745367,0.158422864582204,0.278686135937327,0.7804857030789,0.943986254278122,"Pancreatic Cancer"
"101C",8618.19605861457,0.0373025993219653,0.115823990451798,0.322062805610979,0.747405115064317,0.929982388225165,"Pancreatic Cancer"
"102B",3290.79241465307,-0.119797020596396,0.181009365064053,-0.661827748823959,0.508081620283921,0.8808982178414,"Pancreatic Cancer"
"102C",21744.7220744155,0.0512748711938878,0.093402863156053,0.548964661909991,0.583029701345369,0.901356589398608,"Pancreatic Cancer"
"103B",27623.104644833,-0.131726286352824,0.153951816250755,-0.855633207589247,0.392200695763069,0.806646490618186,"Pancreatic Cancer"
"103C",12094.3562639849,0.139986584017352,0.149008185757993,0.939455663494268,0.347496845485533,0.791092066938006,"Pancreatic Cancer"
"103D",13481.0347838923,-0.164628607399607,0.175409470341402,-0.938538877514355,0.34796754727948,0.791092066938006,"Pancreatic Cancer"
"104B",36320.0038957387,0.0795904161694855,0.103913563372768,0.765929043198834,0.443718523664378,0.842961007997747,"Pancreatic Cancer"
"104C",6263.11022231012,0.0686786658550402,0.108202282740788,0.634724740693024,0.5256079548356,0.894332873433157,"Pancreatic Cancer"
"104D",44394.7683202069,0.0272954491253759,0.133702558851631,0.204150536532854,0.838235863383601,0.959755919378373,"Pancreatic Cancer"
"105B",8608.26273812762,-0.14894794304113,0.153607744623032,-0.969664279666773,0.332213860955241,0.791092066938006,"Pancreatic Cancer"
"105D",437.617613934617,-0.0969043201070256,0.432097709249277,-0.224264831848765,0.822551239385154,0.953954775626528,"Pancreatic Cancer"
"106C",1258.81338801379,0.030062041865305,0.168932042946313,0.177953461883243,0.858759524325582,0.959890857206626,"Pancreatic Cancer"
"106D",1573.71857674196,0.0618896927870224,0.160982688208629,0.384449368287446,0.700645415982738,0.916866506680385,"Pancreatic Cancer"
"107B",56923.5649446107,0.280137298933174,0.122827770693504,2.28073258475243,0.0225642757536752,0.352715257833765,"Pancreatic Cancer"
"107C",1889.78453297465,0.141838225358156,0.182269867552076,0.778177036408018,0.436464652512744,0.839029137840033,"Pancreatic Cancer"
"107D",5646.40650946033,0.0724591951793538,0.129185483319462,0.560892704950215,0.574870683426703,0.901356589398608,"Pancreatic Cancer"
"108B",52673.8804437526,0.278047676861903,0.109028486550985,2.55022962950035,0.0107651987333946,0.26101311905642,"Pancreatic Cancer"
"108C",2741.18338204225,-0.00473357401881835,0.183642543050012,-0.0257760208511665,0.979435988081861,0.993237640403051,"Pancreatic Cancer"
"108D",6468.42074213162,0.0457671199314088,0.127430673056607,0.359153089547586,0.719480567646462,0.920619313982911,"Pancreatic Cancer"
"109B",14642.6297034365,-0.0749181955635268,0.176798468174078,-0.42374912145597,0.671748787049636,0.916032311247777,"Pancreatic Cancer"
"109C",12566.0361035889,-0.147966942102919,0.103741981341186,-1.42629762985041,0.153782448481454,0.644502595322581,"Pancreatic Cancer"
"109D",13411.7299219679,0.0621428949387685,0.116082723337556,0.535332848438297,0.592419715784175,0.901356589398608,"Pancreatic Cancer"
"10A",893.460125377477,-0.630345180748437,0.252705533266743,-2.49438614422058,0.012617519819911,0.277585436038041,"Pancreatic Cancer"
"10B",36372.2288037537,0.0198111392513104,0.10650218874381,0.186016263937693,0.852432007144476,0.959755919378373,"Pancreatic Cancer"
"10C",2177.29095209163,0.130717295066016,0.163217422365701,0.80087832028822,0.423202092039322,0.83449608078204,"Pancreatic Cancer"
"110C",3647.62688462317,-0.185453434566711,0.125121778808747,-1.48218348821737,0.138291478817279,0.631430449122489,"Pancreatic Cancer"
"110D",21565.1694905146,-0.0364376402502872,0.120996268126225,-0.30114681067911,0.763302547034714,0.933657090990251,"Pancreatic Cancer"
"111C",21107.8477833361,0.0418249484216395,0.105945762596585,0.394776982076181,0.693007483699835,0.916866506680385,"Pancreatic Cancer"
"111D",13767.0698968051,-0.138711501934328,0.113803927745226,-1.21886392396633,0.22289584427704,0.711828663981515,"Pancreatic Cancer"
"112B",52298.5016292319,-0.117470697790377,0.1673226824839,-0.702060808770978,0.482641241905631,0.866893394921937,"Pancreatic Cancer"
"112D",20465.4245308308,0.0263896483980562,0.1132517908403,0.233017493165023,0.81574782204382,0.953846862783521,"Pancreatic Cancer"
"113C",17484.6185655206,0.151445638889835,0.0979363518411618,1.54636798331489,0.122015721887793,0.59407654755204,"Pancreatic Cancer"
"114B",8478.04408242324,-0.036910597020858,0.10155648520078,-0.363448941226006,0.716269547792995,0.920619313982911,"Pancreatic Cancer"
"114C",4754.71160366408,-0.131920454816558,0.172841969855768,-0.763243180615464,0.445318381060261,0.842961007997747,"Pancreatic Cancer"
"114D",27144.7467027731,0.00791378594269927,0.183944429772198,0.0430226995864998,0.965683438950734,0.990590306044352,"Pancreatic Cancer"
"115B",9527.58528153267,0.152073709624485,0.112085282870796,1.35676786219815,0.174854982040987,0.692425728882309,"Pancreatic Cancer"
"115C",5801.2713182943,0.0954844793067881,0.127767055367127,0.747332550103956,0.454862848951979,0.852329754818535,"Pancreatic Cancer"
"115D",9489.09340619676,-0.200944489131011,0.151282829232633,-1.32827030106643,0.184088827266468,0.70924707994885,"Pancreatic Cancer"
"116B",6881.84398074601,0.16521096732033,0.131075205051164,1.26042882981447,0.207514706968279,0.711828663981515,"Pancreatic Cancer"
"116C",5211.49471732423,0.123521413355546,0.109176382850073,1.13139316517908,0.257889646959826,0.757790756620781,"Pancreatic Cancer"
"117B",4320.08655582917,-0.0813155093240459,0.154650159871831,-0.525802943827783,0.59902512895648,0.904254621209616,"Pancreatic Cancer"
"117C",5737.63068846279,0.0994072862844821,0.109429046855752,0.908417729485656,0.363657562100847,0.797094435010712,"Pancreatic Cancer"
"117D",114704.808680278,0.184276586750504,0.113073103639064,1.62971193696713,0.103162393299475,0.580193719454955,"Pancreatic Cancer"
"118B",2510.71001312702,-0.0346797627499675,0.153043365245119,-0.226600889848594,0.820734100291948,0.953954775626528,"Pancreatic Cancer"
"118C",5663.65375142475,0.0603337760235803,0.130060747895503,0.463889197931227,0.642727132406719,0.913028651524063,"Pancreatic Cancer"
"118D",21087.6876432686,0.0622974665333206,0.141856051337624,0.439159739368819,0.660545795132782,0.91424936736595,"Pancreatic Cancer"
"119B",1705.78737497548,0.0151633944414745,0.184092959726926,0.0823681387053972,0.934353971562541,0.975406430770034,"Pancreatic Cancer"
"119C",5277.73192350234,0.244261440403775,0.167518207624901,1.45811875536965,0.144807812569335,0.644502595322581,"Pancreatic Cancer"
"119D",3699.80646719734,0.235346541251916,0.119028536915635,1.97722787619177,0.0480158779620876,0.500375991394387,"Pancreatic Cancer"
"11A",252.453046799147,-0.624725742891175,0.39547014601052,-1.57970392757424,0.114174685763973,0.580193719454955,"Pancreatic Cancer"
"11B",14360.7289378534,-0.212860333237509,0.205282954345429,-1.03691187569002,0.299776928814733,0.783611184920806,"Pancreatic Cancer"
"11C",1951.56621543468,0.0951532641966222,0.178177905380053,0.534035148710839,0.593317216253966,0.901356589398608,"Pancreatic Cancer"
"11D",76100.5035023331,0.209145172294329,0.117370706029077,1.78191969163511,0.0747623288488449,0.561971443173129,"Pancreatic Cancer"
"120B",20869.8301548974,0.0159215142372741,0.109008592202343,0.146057424608515,0.883876056146111,0.965831160026013,"Pancreatic Cancer"
"120C",5335.28279322175,0.131216268120636,0.125876570052117,1.04242011095718,0.297216946488971,0.783611184920806,"Pancreatic Cancer"
"120D",62744.2149087292,-0.192300374840776,0.112149117352929,-1.71468469284171,0.0864030514998768,0.561971443173129,"Pancreatic Cancer"
"121C",4587.58948203103,0.108154062505191,0.137102467060997,0.788855699125189,0.430196350695052,0.835087033702159,"Pancreatic Cancer"
"121D",51909.4627261971,-0.133971946096459,0.103725854350645,-1.29159645813634,0.196496931272163,0.70924707994885,"Pancreatic Cancer"
"122C",8797.72732976325,0.0428801549067344,0.112492047902517,0.381183876605156,0.703066812212297,0.916866506680385,"Pancreatic Cancer"
"122D",10955.8481548903,-0.00228961489016256,0.161608145291713,-0.0141676948648205,0.988696193163217,0.997089199896351,"Pancreatic Cancer"
"123B",10886.0576378486,-0.104446131213828,0.147871973872283,-0.706328105852152,0.479984118867802,0.866597466892019,"Pancreatic Cancer"
"123C",6155.69030245693,-0.101962794362476,0.202899592934795,-0.502528333781543,0.615295926838756,0.904254621209616,"Pancreatic Cancer"
"123D",13695.3576479896,-0.0854089644628715,0.1167739233609,-0.731404426645047,0.464532162238635,0.859601571245325,"Pancreatic Cancer"
"124C",8896.75649787848,-0.140329804209124,0.133488149474983,-1.05125289968472,0.29314245311528,0.783611184920806,"Pancreatic Cancer"
"124D",29591.5925635815,0.154316976171741,0.107643135371166,1.43359793116058,0.151687034239885,0.644502595322581,"Pancreatic Cancer"
"125B",94104.8329716206,0.1653778354377,0.119947734215878,1.37874914035524,0.167972112727123,0.669633791677257,"Pancreatic Cancer"
"125C",2890.04330345952,-0.110229596489464,0.175850828141561,-0.626835811092849,0.530766866647245,0.894332873433157,"Pancreatic Cancer"
"125D",32099.8177032924,0.0714933432897098,0.0964334279895172,0.741375110065375,0.458466031661267,0.85637994593331,"Pancreatic Cancer"
"126B",517.806491636099,-0.47526363809016,0.276288164377162,-1.72017371486596,0.0854008694610069,0.561971443173129,"Pancreatic Cancer"
"126C",687.042860852936,-0.858535826431994,0.458591416794764,-1.87211490444493,0.0611907084263196,0.526620619523572,"Pancreatic Cancer"
"126D",24729.9566476636,0.0688715035871269,0.0965257402294407,0.71350401896344,0.475533927088492,0.866597466892019,"Pancreatic Cancer"
"127C",13715.1074301033,-0.0382448757733279,0.158500659899253,-0.241291587035898,0.809329130865727,0.951963373731172,"Pancreatic Cancer"
"127D",9738.66433887252,-0.162722899700387,0.110054126653056,-1.47857154155944,0.139254863358663,0.631430449122489,"Pancreatic Cancer"
"128B",4636.70973247793,0.177355269027278,0.110952959294189,1.59847263340696,0.109937831177762,0.580193719454955,"Pancreatic Cancer"
"128C",11151.1046191625,0.129424218445596,0.12669478415541,1.02154338324487,0.306997065923344,0.786018349820976,"Pancreatic Cancer"
"128D",176.243121024096,-0.948574543623292,0.351864509440594,-2.69585172182147,0.0070208912210044,0.206800153918917,"Pancreatic Cancer"
"129B",10853.3495560351,0.144392122729314,0.111057335212933,1.30015835921569,0.19354669916618,0.70924707994885,"Pancreatic Cancer"
"129D",404.171003568853,-1.13477380274503,0.312371367339337,-3.6327715065904,0.000280393294498723,0.0208192021165302,"Pancreatic Cancer"
"12A",2219.14151488692,0.0234056663447804,0.145291455700029,0.161094582141871,0.872018907338863,0.965831160026013,"Pancreatic Cancer"
"12C",3418.8464324833,0.0619256633322009,0.167669504790719,0.369331700534899,0.711880499615959,0.920619313982911,"Pancreatic Cancer"
"130C",11194.1593799057,0.0839733585641613,0.120381500920237,0.697560322161136,0.485452202657269,0.868026610920052,"Pancreatic Cancer"
"130D",14669.7878407027,0.128090687446415,0.144326875913438,0.887504053806575,0.374807584647704,0.80348798650336,"Pancreatic Cancer"
"131B",9209.63203531642,0.114501436429742,0.109731233790822,1.04347169419432,0.296729883855351,0.783611184920806,"Pancreatic Cancer"
"131C",5927.72657956685,-0.115935755221231,0.124008096729648,-0.93490472218104,0.349837403290161,0.791092066938006,"Pancreatic Cancer"
"131D",13615.8068922314,0.0729821696151837,0.145741653153744,0.500763975403751,0.616537241733829,0.904254621209616,"Pancreatic Cancer"
"132B",28183.9956937722,0.0464306973703611,0.091725703970495,0.506190689856098,0.612722790169482,0.904254621209616,"Pancreatic Cancer"
"132C",36112.360626025,0.163097826955754,0.0927517960822736,1.75843308533973,0.0786738477845274,0.561971443173129,"Pancreatic Cancer"
"132D",14921.6685847746,-0.0139033093855559,0.127256410606923,-0.109254294689336,0.913000797068188,0.968432988318756,"Pancreatic Cancer"
"133B",14350.5837458043,-0.297870453272953,0.132343326619397,-2.25074025930744,0.024401993281122,0.37166112843555,"Pancreatic Cancer"
"133C",19772.5141565556,0.0492825920111115,0.0968675749887891,0.50876252468192,0.610918690312049,0.904254621209616,"Pancreatic Cancer"
"133D",20263.0792437321,-0.0165383849168534,0.132107574177813,-0.125188771497637,0.90037410635787,0.965831160026013,"Pancreatic Cancer"
"134B",8162.73718861978,-0.326262348127588,0.13840105977465,-2.35736885728202,0.0184049549423445,0.331289188962201,"Pancreatic Cancer"
"134C",19582.980830032,0.0120923840728358,0.0953765057713462,0.126785773656101,0.899109955842621,0.965831160026013,"Pancreatic Cancer"
"135C",19039.4326789944,-0.0268818382890984,0.107100562904069,-0.250996237182962,0.801817018383671,0.949496243719435,"Pancreatic Cancer"
"136B",48607.9237610603,-0.1917010712869,0.167125816828683,-1.14704642840076,0.251362432849246,0.757790756620781,"Pancreatic Cancer"
"136C",1632.95654858602,-0.343259650084699,0.165094736826557,-2.07916773534287,0.0376019360790144,0.485555435455099,"Pancreatic Cancer"
"136D",14510.1509972625,0.0346757176453377,0.131401254883449,0.26389183022715,0.791863271108209,0.943986254278122,"Pancreatic Cancer"
"137B",1854.98660204384,0.245572920843899,0.195907966994398,1.25351165964027,0.210019558482878,0.711828663981515,"Pancreatic Cancer"
"137D",34565.4822751293,0.0449303383734802,0.108621409736413,0.413641642863142,0.679136571083796,0.916032311247777,"Pancreatic Cancer"
"138B",1132.77774606337,0.0957405603553152,0.242231158106695,0.395244613053225,0.692662370889914,0.916866506680385,"Pancreatic Cancer"
"138C",6442.7900546948,0.229282786346134,0.108561136065605,2.11201535517808,0.0346851322744048,0.479138803976661,"Pancreatic Cancer"
"138D",65986.0469466673,-0.0878818253162804,0.164064942870705,-0.535652673743578,0.592198617501322,0.901356589398608,"Pancreatic Cancer"
"139B",178.274366769044,-0.0924850235778788,0.478318846513891,-0.193354337283452,0.846681474128008,0.959755919378373,"Pancreatic Cancer"
"139C",18736.8885607737,0.0213833128297357,0.116209402608432,0.184006735683745,0.854008170837732,0.959755919378373,"Pancreatic Cancer"
"139D",861.990414709441,0.082347917614316,0.267905067763391,0.307377229933718,0.75855625771081,0.93095540719054,"Pancreatic Cancer"
"13A",5174.33373989559,-0.278984423916868,0.220661906201095,-1.26430714172578,0.206119807233237,0.711828663981515,"Pancreatic Cancer"
"13B",2707.40263917074,-0.160021015210864,0.173506815514242,-0.92227509758963,0.356385099957834,0.791092066938006,"Pancreatic Cancer"
"13C",2925.02950816697,0.00675710720287796,0.182577802549023,0.0370094672437721,0.970477457144218,0.990590306044352,"Pancreatic Cancer"
"13D",20282.9258023224,0.0383009380169833,0.145247834078003,0.263693694712269,0.792015954516426,0.943986254278122,"Pancreatic Cancer"
"140B",371.631772625723,-0.307427442943234,0.287777989944386,-1.06827990216571,0.285394271486987,0.783611184920806,"Pancreatic Cancer"
"140C",24932.4723403686,0.0294807235341845,0.125557863770723,0.234797906310498,0.814365592843981,0.953846862783521,"Pancreatic Cancer"
"140D",493.023058001335,-0.118194830650245,0.30274290196061,-0.390413218228394,0.696231015119164,0.916866506680385,"Pancreatic Cancer"
"141C",18330.968679821,0.243187906944849,0.115040851854882,2.11392651413619,0.0345215442516972,0.479138803976661,"Pancreatic Cancer"
"142B",383.947073899385,-0.4469969586872,0.239320482190751,-1.86777560614691,0.061793354998317,0.526620619523572,"Pancreatic Cancer"
"143B",825.027422562182,-0.0209182384180825,0.182854159355828,-0.114398482877145,0.908921916590137,0.965831160026013,"Pancreatic Cancer"
"143C",17601.2701002329,0.236962886772723,0.138152123994221,1.71523158617985,0.0863027759645178,0.561971443173129,"Pancreatic Cancer"
"144B",913.567654896046,-0.0141997732591662,0.184041494872646,-0.0771552810359002,0.938500016113788,0.976302993995779,"Pancreatic Cancer"
"144C",22361.8820046466,0.202930694818307,0.127818945549398,1.58764175331019,0.112367371023938,0.580193719454955,"Pancreatic Cancer"
"145B",840.635092258655,-0.250182774685326,0.20452100142,-1.22326202662951,0.221230744773936,0.711828663981515,"Pancreatic Cancer"
"145C",17848.9384026575,0.156256328702319,0.12773065392743,1.22332677315734,0.221206298834451,0.711828663981515,"Pancreatic Cancer"
"146B",2001.62747813959,-0.931870482808837,0.253820641660035,-3.67137391472272,0.000241250087094244,0.0208192021165302,"Pancreatic Cancer"
"146C",21009.1644390599,0.224681553326148,0.199041856465547,1.12881560349111,0.258975628946159,0.757790756620781,"Pancreatic Cancer"
"147B",1826.63642347851,-0.841182782193952,0.252437277341366,-3.33224471065911,0.000861484685388058,0.0465201730109551,"Pancreatic Cancer"
"147C",16667.8938171504,-0.097326262423433,0.18545737920886,-0.524790455028621,0.59972886759954,0.904254621209616,"Pancreatic Cancer"
"148B",3552.97845046405,0.249000747136869,0.148101324994395,1.68128642431993,0.0927072935125345,0.578000865658759,"Pancreatic Cancer"
"148C",24635.4423088869,0.168583902608911,0.120135333719618,1.40328325888174,0.160532388349546,0.65063591130458,"Pancreatic Cancer"
"149B",4915.04195729647,0.150836444337929,0.136959930329915,1.10131805685494,0.270758255062922,0.77322309378546,"Pancreatic Cancer"
"149C",2162.55508931451,0.0486326458356059,0.145755206933582,0.33365974951253,0.738636325787945,0.929982388225165,"Pancreatic Cancer"
"14A",7456.42895572623,-0.371581992940254,0.198223607251647,-1.87455973631096,0.0608533167339023,0.526620619523572,"Pancreatic Cancer"
"14B",12692.0804843073,-0.23657341556781,0.1899479576491,-1.24546438137989,0.212961100486657,0.711828663981515,"Pancreatic Cancer"
"14C",12255.6628425555,-0.126276531789614,0.106234016611659,-1.18866381802377,0.23457198393664,0.741147651374278,"Pancreatic Cancer"
"14D",20762.0760901986,0.170594872062995,0.117987790586328,1.44586885825424,0.148213988068995,0.644502595322581,"Pancreatic Cancer"
"150B",5450.29060220376,0.039041632066677,0.120307477587838,0.324515423724781,0.745547847104808,0.929982388225165,"Pancreatic Cancer"
"150C",38805.0542415544,0.135076362246808,0.14107362152336,0.957488443184542,0.338320776805443,0.791092066938006,"Pancreatic Cancer"
"151B",1520.39400204057,-0.0880777296240283,0.149327634507545,-0.589828734075192,0.555305476504962,0.894332873433157,"Pancreatic Cancer"
"151C",46416.3065600377,-0.0212191421600966,0.163984546420398,-0.129397206159282,0.897043358259011,0.965831160026013,"Pancreatic Cancer"
"152B",39532.7056982445,0.0810357248612382,0.0942516504311141,0.859780433452091,0.389910087024672,0.806646490618186,"Pancreatic Cancer"
"153B",25150.0699296692,0.278378849488888,0.101210601253862,2.75049101615989,0.00595060232465726,0.206800153918917,"Pancreatic Cancer"
"153C",22466.9483043377,0.0823587551051898,0.129916797863874,0.633934613994143,0.526123494824231,0.894332873433157,"Pancreatic Cancer"
"154B",23377.6818414048,-0.16205000257211,0.115612685254022,-1.4016628211347,0.161015957848103,0.65063591130458,"Pancreatic Cancer"
"154C",2994.20975544043,0.214510718319997,0.131735588909572,1.62834295649024,0.103452185793705,0.580193719454955,"Pancreatic Cancer"
"155B",11892.3296736502,-0.213781293941456,0.217367430848268,-0.983501958445122,0.325360451894198,0.791092066938006,"Pancreatic Cancer"
"155C",59236.4593143726,-0.194778172098439,0.106196599426357,-1.83412814676341,0.0666349741835324,0.531140277052513,"Pancreatic Cancer"
"156B",7611.40172150846,0.0290216970851205,0.133467929842053,0.217443224896535,0.827862948335352,0.954855517109125,"Pancreatic Cancer"
"156C",25908.5332075331,-0.083900830784719,0.149515995518108,-0.561149531152057,0.574695604672497,0.901356589398608,"Pancreatic Cancer"
"157B",8162.8337227214,0.103632046359717,0.193363933778469,0.53594299792455,0.59199794642158,0.901356589398608,"Pancreatic Cancer"
"157C",8392.72273505919,-0.00180941783197308,0.185445888750543,-0.0097571202260896,0.992215067936634,0.998490481353425,"Pancreatic Cancer"
"158B",6021.17137002862,-0.177270991929908,0.17269918416369,-1.02647266568373,0.304668841546568,0.786018349820976,"Pancreatic Cancer"
"158C",3522.08855723892,-0.0447148118981659,0.149566750038248,-0.298962248539405,0.764968850236042,0.933657090990251,"Pancreatic Cancer"
"159B",2842.16779721691,-0.344395199125373,0.173914563342351,-1.98025508908894,0.0476748725077513,0.500375991394387,"Pancreatic Cancer"
"159C",523.634727351743,-0.126116030190093,0.267057845272773,-0.472242371540437,0.636753799023758,0.911705120903061,"Pancreatic Cancer"
"15A",11098.6159783749,-0.213867528061585,0.187761716729376,-1.13903692289859,0.254687754327827,0.757790756620781,"Pancreatic Cancer"
"15B",8587.75639239529,0.103982384387283,0.190936331116243,0.544591926425872,0.586034208720644,0.901356589398608,"Pancreatic Cancer"
"15C",2630.12629609508,-0.1745861006163,0.167431511707677,-1.04273143589072,0.297072694211274,0.783611184920806,"Pancreatic Cancer"
"15D",16599.1686361915,0.0158956632959613,0.115373993375142,0.137775098451139,0.890418165207273,0.965831160026013,"Pancreatic Cancer"
"160B",15744.9495488465,0.107741994913979,0.213357402610644,0.504983626514228,0.61357033616806,0.904254621209616,"Pancreatic Cancer"
"160C",23933.5990486524,0.219268905146827,0.114080770897091,1.92204964449814,0.0545995113444247,0.526620619523572,"Pancreatic Cancer"
"161C",12984.2541870863,0.0660175343648584,0.0941254083554171,0.701378464309834,0.483066858113066,0.866893394921937,"Pancreatic Cancer"
"162C",8287.84314154847,-0.108043139411775,0.134492022869899,-0.80334236266407,0.421776879004453,0.83449608078204,"Pancreatic Cancer"
"163B",13384.4284638793,0.0666797142507394,0.110430164187752,0.603817939973096,0.545964690766413,0.894332873433157,"Pancreatic Cancer"
"163C",8584.46352528628,-0.114895057369295,0.124067086729315,-0.926072017955646,0.354408554731686,0.791092066938006,"Pancreatic Cancer"
"164B",6021.67963674139,-0.0047701612805384,0.12933262608996,-0.0368828920029847,0.970578380669719,0.990590306044352,"Pancreatic Cancer"
"164C",41.7859766933686,-0.990022103518369,0.680194014193231,-1.45549958226642,0.145531005785301,0.644502595322581,"Pancreatic Cancer"
"165B",8738.55228633756,-0.249425200084356,0.156063260561542,-1.598231378653,0.109991492770633,0.580193719454955,"Pancreatic Cancer"
"165C",162.980295538871,-1.0202550528494,0.435588749769565,-2.3422438099908,0.0191681886251688,0.334879530686773,"Pancreatic Cancer"
"166C",3202.1926299556,0.0970595941386879,0.165824685930132,0.585314506065657,0.558336262759496,0.894332873433157,"Pancreatic Cancer"
"167B",59322.2386736785,-0.125422251244888,0.134282309422469,-0.934019170390451,0.350294004334634,0.791092066938006,"Pancreatic Cancer"
"167C",8309.59030291539,0.108007892261304,0.11388473950505,0.948396534344397,0.342927623076917,0.791092066938006,"Pancreatic Cancer"
"168B",1835.25416545729,-0.101303222207567,0.229651230400379,-0.441117698481096,0.65912779129566,0.91424936736595,"Pancreatic Cancer"
"168C",6928.99406319023,0.127562607917092,0.119825512127669,1.06456968680576,0.287070703491962,0.783611184920806,"Pancreatic Cancer"
"169B",216609.377180879,0.076633435498405,0.149991731296923,0.510917734169638,0.609408662673631,0.904254621209616,"Pancreatic Cancer"
"169C",7367.34140910401,0.041220630572717,0.143340739079154,0.287570936479926,0.773675194827753,0.937883807607521,"Pancreatic Cancer"
"16A",6301.41403625376,0.0237826968804041,0.156608691819911,0.151860644540423,0.879296849313577,0.965831160026013,"Pancreatic Cancer"
"16B",6536.81093943044,-0.141014445801191,0.161492545450753,-0.873194768263737,0.382556925979569,0.80348798650336,"Pancreatic Cancer"
"16C",8399.08039601274,0.298310507471236,0.142886142755027,2.08774974059365,0.0368204153919633,0.485555435455099,"Pancreatic Cancer"
"16D",13992.1975651751,0.15208937071968,0.115032007316381,1.32214828088131,0.18611877923803,0.70924707994885,"Pancreatic Cancer"
"170C",19052.9591984507,-0.000479737337725234,0.13394448573181,-0.00358161319672231,0.997142292237326,0.998601009969066,"Pancreatic Cancer"
"171B",23472.5809134345,0.0171542762536042,0.162822944081042,0.105355399083473,0.916093805411632,0.969115145276639,"Pancreatic Cancer"
"171C",5043.17169490761,-0.259355265815192,0.182008256053169,-1.42496429249576,0.154167523154913,0.644502595322581,"Pancreatic Cancer"
"172B",22404.9821244092,0.0193649095950097,0.137601625974331,0.140731691634386,0.888081907940905,0.965831160026013,"Pancreatic Cancer"
"172C",4743.62991625542,-0.168289365286866,0.16276869695745,-1.0339172607056,0.301174844988949,0.783611184920806,"Pancreatic Cancer"
"173C",2735.43170513903,-0.0655509128210376,0.198709986913956,-0.329882326696655,0.741488877952102,0.929982388225165,"Pancreatic Cancer"
"174B",9375.66348942318,0.107408213169106,0.135543376372084,0.792426867649039,0.428111818447276,0.834504575610817,"Pancreatic Cancer"
"174C",12532.4517488182,0.0725435356128359,0.124016739971413,0.584949544953025,0.558581643171214,0.894332873433157,"Pancreatic Cancer"
"175B",29346.027939895,-0.245293463320524,0.141156165347405,-1.73774530298993,0.0822557023195066,0.561971443173129,"Pancreatic Cancer"
"175C",12967.0515167941,-0.203850281628286,0.178855882364841,-1.13974602866268,0.254392124859177,0.757790756620781,"Pancreatic Cancer"
"176B",53826.2077820251,-0.0444340103354865,0.12279446412509,-0.361856787698685,0.717459053115238,0.920619313982911,"Pancreatic Cancer"
"176C",3267.03372635806,-0.369962644168567,0.154955843472072,-2.38753593203632,0.0169617445832766,0.324495807618676,"Pancreatic Cancer"
"177B",22411.9033243587,-0.0713856991830255,0.114423809641028,-0.623871023058729,0.532712291753409,0.894332873433157,"Pancreatic Cancer"
"177C",28342.6487737872,-0.0557356545609957,0.116217274062589,-0.479581499484999,0.631525004007399,0.911705120903061,"Pancreatic Cancer"
"178C",61967.9761351166,0.0315430323297831,0.101923878614985,0.309476373529073,0.75695918182629,0.93095540719054,"Pancreatic Cancer"
"179B",5577.36030264328,-0.00310576304490381,0.152650536010619,-0.020345575758003,0.983767699102845,0.995499170812759,"Pancreatic Cancer"
"179C",68040.0941191077,0.181466466791736,0.109250184773281,1.66101748173992,0.0967099357474889,0.580193719454955,"Pancreatic Cancer"
"17A",8046.72982897009,0.0465820531227407,0.122903494838835,0.379013250874796,0.704678023906962,0.916866506680385,"Pancreatic Cancer"
"17C",82825.4145745235,0.116684045819955,0.15350642311372,0.760124843333195,0.447179963960825,0.843253646326128,"Pancreatic Cancer"
"17D",14993.8529201661,0.105103262171089,0.116782380402684,0.899992462978369,0.368124261687691,0.80071410413682,"Pancreatic Cancer"
"180B",198.106687445939,-0.456162794660906,0.389694297536259,-1.17056574228793,0.241773374166988,0.755859917132585,"Pancreatic Cancer"
"182B",10934.0858176422,-0.261804260243609,0.166159766898779,-1.57561764276604,0.115113947691308,0.580193719454955,"Pancreatic Cancer"
"182C",5555.5800254604,-0.33444333141706,0.13925049121178,-2.40173897058948,0.0163173473349032,0.324481313326295,"Pancreatic Cancer"
"183B",2946.71536685178,0.050982495273555,0.144250469209759,0.353430360073351,0.723765828524195,0.920853423262007,"Pancreatic Cancer"
"184B",3442.34995196077,-0.133638972007898,0.213139841876158,-0.627001366011838,0.530658339736787,0.894332873433157,"Pancreatic Cancer"
"184C",4003.53782197015,-0.140208737262626,0.205656173763323,-0.681762840847088,0.495388924413969,0.868026610920052,"Pancreatic Cancer"
"185C",3685.70216395473,0.0348283418229015,0.133539218617456,0.260809836866522,0.794239158203467,0.943986254278122,"Pancreatic Cancer"
"186B",4089.68997848625,0.168310136033936,0.118142183333948,1.42464047374324,0.154261154170328,0.644502595322581,"Pancreatic Cancer"
"186C",11811.3461250331,0.162933260675584,0.156329975251505,1.04223940682813,0.297300697147355,0.783611184920806,"Pancreatic Cancer"
"187B",5034.40408241044,0.0631894304993861,0.112200470622483,0.563183292804514,0.573310078325776,0.901356589398608,"Pancreatic Cancer"
"189C",1208.49568812521,-0.190963221064041,0.279387836024905,-0.683505852584858,0.494287253263277,0.868026610920052,"Pancreatic Cancer"
"18A",3017.66286693715,-0.320512629529819,0.16676522811538,-1.92193920250609,0.0546134082721815,0.526620619523572,"Pancreatic Cancer"
"18B",947.128845980641,-0.136180753835944,0.277460016183497,-0.490812174341837,0.623559298582773,0.910059516850534,"Pancreatic Cancer"
"18C",10840.4387831935,0.185124474895772,0.0992079758564224,1.86602411043736,0.0620379923257509,0.526620619523572,"Pancreatic Cancer"
"18D",32585.3797382761,0.189843483338982,0.0934927399147538,2.03056925609497,0.0422987090775147,0.500375991394387,"Pancreatic Cancer"
"190C",439.688523606777,0.411891292738101,1.57811539890213,0.261002011021912,0.794090956424656,0.943986254278122,"Pancreatic Cancer"
"191B",18931.4932755732,0.0291728825435579,0.155378824608457,0.187753270866035,0.851070068656328,0.959755919378373,"Pancreatic Cancer"
"191C",856.890419818312,0.439772813000131,0.241528793443698,1.82078834879223,0.0686390360743995,0.536468255634122,"Pancreatic Cancer"
"192C",4193.59884500743,-1.16697728659739,0.192305175805032,-6.06836129975265,1.29221944657222e-09,5.74966911008821e-07,"Pancreatic Cancer"
"193C",948.396701826174,-0.370457192926038,0.201533042358829,-1.83819580446982,0.0660335578119751,0.531140277052513,"Pancreatic Cancer"
"194B",3274.27634574122,-0.332341339147872,0.122272610819167,-2.71803584565133,0.00656707231366056,0.206800153918917,"Pancreatic Cancer"
"194C",587.617745905837,-0.294828516401106,0.260627070883891,-1.13122752521918,0.257959339523088,0.757790756620781,"Pancreatic Cancer"
"195B",5653.55077773116,0.122491677974421,0.166505453821755,0.735661656497745,0.461936629950044,0.859601571245325,"Pancreatic Cancer"
"195C",239.812505615396,-0.254074174414014,0.384427904464642,-0.660915015437914,0.508666816026263,0.8808982178414,"Pancreatic Cancer"
"197B",10385.2820603366,0.0273929258943815,0.105219656852425,0.260340384238291,0.794601224139833,0.943986254278122,"Pancreatic Cancer"
"198B",11351.2125705425,-0.0167047299810509,0.145076469963082,-0.115144309654776,0.908330739416033,0.965831160026013,"Pancreatic Cancer"
"198C",671.572954063224,0.198697831704662,0.228320513848033,0.870258341468665,0.384159239338307,0.80348798650336,"Pancreatic Cancer"
"199B",1432.61505596465,0.26690063310016,0.20563305787652,1.29794613695056,0.194305844511632,0.70924707994885,"Pancreatic Cancer"
"199C",295.950917211497,0.11487328031481,0.318474921331653,0.360698041260158,0.718325189129807,0.920619313982911,"Pancreatic Cancer"
"19A",14605.4066272377,0.0928540942557058,0.216705032602854,0.428481485364834,0.668300610328461,0.916032311247777,"Pancreatic Cancer"
"19B",4318.0398437362,-0.548549647528515,0.213010821126111,-2.57521962794441,0.0100176453557347,0.2587165800568,"Pancreatic Cancer"
"19C",8832.58917229926,0.207140745431222,0.118798101758567,1.74363682891326,0.0812224370793871,0.561971443173129,"Pancreatic Cancer"
"19D",14605.8099178539,0.0560334035977735,0.104203026802847,0.537732974914338,0.59076141056575,0.901356589398608,"Pancreatic Cancer"
"1A",939.852160908622,-0.0209443046289747,0.169495727625789,-0.123568333682223,0.901657066342998,0.965831160026013,"Pancreatic Cancer"
"1C",782.612861386749,-0.233076648151198,0.234016467367554,-0.995983961184748,0.31925793813729,0.791092066938006,"Pancreatic Cancer"
"200C",3879.73802559576,0.0568362835789169,0.160937649307673,0.35315716256213,0.723970620645383,0.920853423262007,"Pancreatic Cancer"
"201B",254.77847835196,-0.110618371236147,0.405443019132784,-0.272833335428372,0.784981333371207,0.943986254278122,"Pancreatic Cancer"
"201C",14343.3157908293,-0.1167555222765,0.112018192608002,-1.04229071687557,0.297276914956733,0.783611184920806,"Pancreatic Cancer"
"202B",310.089088631672,-0.25090963327103,0.299682745840244,-0.837250848618379,0.402451580881617,0.813116459332246,"Pancreatic Cancer"
"202C",25891.4344939778,0.0699247248895595,0.112761699310592,0.620110598874164,0.53518497468365,0.894332873433157,"Pancreatic Cancer"
"203C",14751.6028151674,0.106135224017238,0.11297076784902,0.939492808963489,0.347477782576116,0.791092066938006,"Pancreatic Cancer"
"204C",19085.5968872536,0.0369762281405954,0.103418147649281,0.357541002049194,0.720686836703794,0.920619313982911,"Pancreatic Cancer"
"205C",14120.0652979572,0.064429906514187,0.106624774776153,0.604267691532766,0.545665682828555,0.894332873433157,"Pancreatic Cancer"
"207C",5860.70225074019,0.0902935711291613,0.127088699682655,0.710476787901895,0.47740852024453,0.866597466892019,"Pancreatic Cancer"
"208C",5870.09386780071,0.0986606333506693,0.109299912853639,0.902659762252356,0.366706498139877,0.80071410413682,"Pancreatic Cancer"
"209C",5809.27707682866,0.162803809548888,0.147309720166905,1.10518035988683,0.269081445328659,0.772146756160498,"Pancreatic Cancer"
"20A",28458.8294946778,0.0251834608705341,0.15878674076747,0.15859926810522,0.873984605464572,0.965831160026013,"Pancreatic Cancer"
"20B",4767.20348237245,-0.441906301179471,0.107594394146555,-4.10714986300818,4.00571344697354e-05,0.00594848446875571,"Pancreatic Cancer"
"20C",8357.28284267897,0.250340367543423,0.124369141585805,2.01288168714027,0.0441270775500318,0.500375991394387,"Pancreatic Cancer"
"20D",22220.1017624614,0.0089695066597733,0.0948369855103663,0.0945781501964006,0.924649905642128,0.973830521527292,"Pancreatic Cancer"
"210C",4823.10230743137,0.103196500850305,0.118289654934787,0.872405122047207,0.382987407237362,0.80348798650336,"Pancreatic Cancer"
"211C",8252.0943754311,0.078677774915568,0.113609001211943,0.692531173377635,0.488603816172408,0.868026610920052,"Pancreatic Cancer"
"212C",9847.76128283264,-0.131122669192438,0.125737024114558,-1.0428326112838,0.297025824715734,0.783611184920806,"Pancreatic Cancer"
"213C",3352.80814616439,0.0320196651025564,0.255613553308167,0.125265912891378,0.900313037153207,0.965831160026013,"Pancreatic Cancer"
"214C",10791.6561449395,-0.113560992600088,0.157671827146555,-0.720236421783415,0.471379442460448,0.866322217632945,"Pancreatic Cancer"
"215C",1636.76397341124,-0.357105903069167,0.159659318953277,-2.23667434766943,0.0253076317694365,0.375818331776132,"Pancreatic Cancer"
"216C",40639.0156202563,0.0617744175232683,0.133693673181563,0.462059393337003,0.644038728937008,0.913028651524063,"Pancreatic Cancer"
"217C",3225.94090486513,-0.0531700154609784,0.123768881151421,-0.429591145741468,0.667493079036537,0.916032311247777,"Pancreatic Cancer"
"218C",5481.00440738015,0.0767199447289773,0.130285966210223,0.58885808625916,0.555956476408702,0.894332873433157,"Pancreatic Cancer"
"219C",6104.36086535325,0.0666484952414006,0.130663653255189,0.510076777902685,0.609997673496654,0.904254621209616,"Pancreatic Cancer"
"21A",13905.0772348663,0.101027491687997,0.118137888171983,0.855165884977756,0.392459319509521,0.806646490618186,"Pancreatic Cancer"
"21D",31942.43050549,0.0761105759827296,0.132734421521985,0.5734049624055,0.566370531110457,0.901356589398608,"Pancreatic Cancer"
"220C",6440.52249118571,0.0483464128009004,0.126321931644711,0.38272382452857,0.701924547603504,0.916866506680385,"Pancreatic Cancer"
"221C",6051.15917261908,0.169758706881162,0.113358805173095,1.49753436993224,0.134254269373158,0.624803737194081,"Pancreatic Cancer"
"222C",5908.36093510483,0.193215181821634,0.108530686309415,1.78028158110774,0.0750298899326563,0.561971443173129,"Pancreatic Cancer"
"223C",12743.9904578182,0.0569873842106662,0.121569124915592,0.468765274490819,0.639237423798761,0.911705120903061,"Pancreatic Cancer"
"224C",15513.8397405727,-0.0745240684809842,0.120792863126249,-0.616957546598541,0.537262727955382,0.894332873433157,"Pancreatic Cancer"
"225C",25122.9461962507,0.14907690304158,0.0928477133141278,1.60560661884277,0.108360370271779,0.580193719454955,"Pancreatic Cancer"
"226C",20497.281365245,0.216819660678037,0.133383494152546,1.6255359184853,0.104048416889807,0.580193719454955,"Pancreatic Cancer"
"227C",14385.8016483282,0.146654871338445,0.147029422350528,0.99745254380997,0.318544897778191,0.791092066938006,"Pancreatic Cancer"
"228C",35920.5718637978,0.0653867327177043,0.168483704076994,0.388089359003074,0.697949906327169,0.916866506680385,"Pancreatic Cancer"
"229C",14268.2844482835,-0.0290461744719714,0.127189564325113,-0.228369163980511,0.819359259675259,0.953954775626528,"Pancreatic Cancer"
"22A",17976.2691576989,0.0191860810136041,0.100482497033878,0.190939532554963,0.84857296741704,0.959755919378373,"Pancreatic Cancer"
"22B",2794.42651145064,-0.125635245087748,0.129778199472791,-0.968076653845765,0.333006088484676,0.791092066938006,"Pancreatic Cancer"
"22C",3620.73920130302,0.0104047879962445,0.130829107657147,0.079529610669756,0.936611380288858,0.9760476489326,"Pancreatic Cancer"
"22D",1650.9158025109,-0.204155852369273,0.166986939305518,-1.2225857496301,0.221486198170805,0.711828663981515,"Pancreatic Cancer"
"232C",90970.8191503174,0.144654048491836,0.13756090114203,1.05156368772608,0.29299977515159,0.783611184920806,"Pancreatic Cancer"
"234C",13041.3141353813,0.123974335489054,0.10168999044985,1.21914000523182,0.22279105818887,0.711828663981515,"Pancreatic Cancer"
"235C",21087.6876432686,0.0622974665333206,0.141856051337624,0.439159739368819,0.660545795132782,0.91424936736595,"Pancreatic Cancer"
"236C",3602.04080870274,0.235970197418741,0.118567134079782,1.99018218033304,0.0465708705523607,0.500375991394387,"Pancreatic Cancer"
"237C",3776.12716967831,0.156658807266992,0.171415841699702,0.913910906446076,0.360763662324174,0.795862059389766,"Pancreatic Cancer"
"238C",59425.6291781914,-0.196226500175319,0.105889211691554,-1.85313023905504,0.0638636935609539,0.531140277052513,"Pancreatic Cancer"
"239C",44932.5471114103,-0.244728674962336,0.0975360146755525,-2.50911087331599,0.0121035487578381,0.276519537005994,"Pancreatic Cancer"
"23A",6834.4011167232,-0.126041783672437,0.123129592701645,-1.02365143022805,0.30599994392777,0.786018349820976,"Pancreatic Cancer"
"23B",4844.13942928375,-0.111996184251048,0.130278786151629,-0.859665549237601,0.389973430482232,0.806646490618186,"Pancreatic Cancer"
"23D",38753.3491087176,0.0939135737254967,0.139055183092126,0.675369099066792,0.499441292835643,0.869994510100798,"Pancreatic Cancer"
"240C",21309.3300809369,-0.0836169826783171,0.121506479953873,-0.688168916670619,0.491346415572428,0.868026610920052,"Pancreatic Cancer"
"241C",17843.6449512792,-0.148022417968228,0.0968542570360175,-1.52830058789447,0.126437924028316,0.6106026575026,"Pancreatic Cancer"
"242C",27092.1213871744,-0.0871341470845929,0.142003896546053,-0.613603916539958,0.539477094826267,0.894332873433157,"Pancreatic Cancer"
"243C",2877.38014443522,-0.000259847592195343,0.148198536914267,-0.0017533748821398,0.998601009969066,0.998601009969066,"Pancreatic Cancer"
"244C",9822.85724096459,-0.00457215938779286,0.169473031506409,-0.0269786841431461,0.978476735432267,0.993237640403051,"Pancreatic Cancer"
"245C",5289.29721729691,0.686383668445889,1.10861087986759,0.619138492063028,0.535825127562383,0.894332873433157,"Pancreatic Cancer"
"246C",290.135511387484,-0.911998698989389,0.328305230550873,-2.77789877870395,0.00547116588801451,0.206800153918917,"Pancreatic Cancer"
"247C",3180.37247247166,0.0364221755071236,0.122959620849526,0.296212490372719,0.76706781070503,0.933684999095877,"Pancreatic Cancer"
"248C",29102.8476865284,0.162873804304821,0.109162112148698,1.49203602879137,0.135689700501745,0.624803737194081,"Pancreatic Cancer"
"249C",13484.2846700109,0.0740070869677955,0.0945069754237846,0.78308597472235,0.433576626666343,0.83618349428509,"Pancreatic Cancer"
"24A",5511.75069989056,-0.215729674114574,0.128096340465804,-1.68412050906454,0.0921583815304861,0.578000865658759,"Pancreatic Cancer"
"24B",51.7718120583976,-0.966422954048603,0.617230828715647,-1.5657399291924,0.117409514416939,0.581177096363849,"Pancreatic Cancer"
"24C",5577.18108745297,-0.0903573598944,0.201053890360552,-0.449418609768561,0.653129709103813,0.91424936736595,"Pancreatic Cancer"
"24D",5621.27839899989,0.0361585200719833,0.135795707412013,0.266271451145919,0.790030158341898,0.943986254278122,"Pancreatic Cancer"
"250C",9001.10068007515,0.110410008370106,0.101021131116265,1.092939735975,0.274420260231042,0.776217307510662,"Pancreatic Cancer"
"251C",14141.6364309433,0.127407336385296,0.108832329804524,1.17067544739816,0.241729257911979,0.755859917132585,"Pancreatic Cancer"
"252C",8848.36832164792,0.0203063544001697,0.106852716267259,0.190040600833952,0.849277315354777,0.959755919378373,"Pancreatic Cancer"
"253C",10979.5357419669,0.0619945524621376,0.103274840279153,0.60028708148631,0.548314926751062,0.894332873433157,"Pancreatic Cancer"
"254C",14429.9101038544,-0.0242680484841341,0.128989539434816,-0.188139663033667,0.850767169620115,0.959755919378373,"Pancreatic Cancer"
"255C",6325.91328729833,-0.209630264481957,0.127561341242781,-1.64336829982822,0.100306754786057,0.580193719454955,"Pancreatic Cancer"
"256C",717.665799600659,-0.382394110529266,0.256112023079309,-1.49307363993159,0.135417911753108,0.624803737194081,"Pancreatic Cancer"
"257C",417.541597203662,-0.813817342607703,0.490044868857798,-1.66069965083923,0.0967737835744649,0.580193719454955,"Pancreatic Cancer"
"258C",12519.3517766479,0.141521739065294,0.161980198528268,0.873697775105497,0.382282862920633,0.80348798650336,"Pancreatic Cancer"
"259C",19293.5573994678,-0.00993018952731759,0.137603814952967,-0.0721650742801842,0.942470539365296,0.978719406263962,"Pancreatic Cancer"
"25A",1651.61547118569,-0.192586742727837,0.150105235051551,-1.28301149964354,0.199488047259983,0.70924707994885,"Pancreatic Cancer"
"25C",7339.37184997232,-0.178589201898956,0.143086886213403,-1.24811718687207,0.211988145113895,0.711828663981515,"Pancreatic Cancer"
"25D",11438.087807522,0.130557560725485,0.104158883262908,1.25344624131524,0.210043351837549,0.711828663981515,"Pancreatic Cancer"
"260C",12482.8129419051,-0.068220644238583,0.120052064020562,-0.568258819997451,0.569859236666188,0.901356589398608,"Pancreatic Cancer"
"261C",12511.6319944987,-0.0783873050527401,0.162665171090752,-0.481893600991002,0.629881532078647,0.911705120903061,"Pancreatic Cancer"
"262C",1005.84536015028,-0.227196263338933,0.224382331549679,-1.01254079039922,0.311279553670422,0.786808744171196,"Pancreatic Cancer"
"263C",12556.8041815635,-0.113127559071536,0.184656063231142,-0.612639287830635,0.540114874473866,0.894332873433157,"Pancreatic Cancer"
"265C",15127.6161056698,0.0259294536150544,0.131540223212076,0.197121861145466,0.843732176334477,0.959755919378373,"Pancreatic Cancer"
"266C",14323.5883801244,-0.202537504400444,0.18450079854805,-1.09775950019911,0.272309520523132,0.773932321486797,"Pancreatic Cancer"
"267C",34602.6576469222,0.044011609600863,0.108391504722819,0.406042980152462,0.684711020528641,0.916032311247777,"Pancreatic Cancer"
"268C",42712.307250564,-0.0118490213515966,0.101063382212459,-0.117243467339012,0.906667122465519,0.965831160026013,"Pancreatic Cancer"
"269C",19285.8885593286,0.169951723895546,0.0964914259453536,1.76131425388817,0.0781852288341908,0.561971443173129,"Pancreatic Cancer"
"26A",4349.51728042839,-0.549623358895477,0.212673655780119,-2.58435092432758,0.00975624707752596,0.2587165800568,"Pancreatic Cancer"
"26B",1734.03507615857,-0.128760869834768,0.22934832771341,-0.561420574191696,0.574510861645499,0.901356589398608,"Pancreatic Cancer"
"26C",588.194154264076,-0.27358248780183,0.288305777929849,-0.948931685539783,0.342655357993095,0.791092066938006,"Pancreatic Cancer"
"26D",21444.1117267871,-0.0393607248828512,0.120052953301545,-0.327861362843664,0.743016488380495,0.929982388225165,"Pancreatic Cancer"
"271C",96857.5380587411,-0.0386218169652029,0.161863617721069,-0.238607152793025,0.811410218191275,0.952525038746279,"Pancreatic Cancer"
"272C",645.382858764681,0.257552984297738,0.256143794794626,1.00550155628108,0.314655400464701,0.791012204042499,"Pancreatic Cancer"
"273C",4267.17818940522,-1.17432959527073,0.195620699286708,-6.00309476222452,1.93591552528223e-09,5.74966911008821e-07,"Pancreatic Cancer"
"274C",1441.2406326575,-0.330245767843827,0.186384034305427,-1.77185652770373,0.0764183762745441,0.561971443173129,"Pancreatic Cancer"
"275C",493.023058001335,-0.118194830650245,0.30274290196061,-0.390413218228394,0.696231015119164,0.916866506680385,"Pancreatic Cancer"
"27A",4237.41195243819,-0.144119659465468,0.128234116013516,-1.12387922922383,0.261064264017457,0.760157709933182,"Pancreatic Cancer"
"27B",4975.14417604487,-0.0747901998959484,0.144937527074744,-0.516016806726525,0.605842670936487,0.904254621209616,"Pancreatic Cancer"
"27C",19681.1182417216,0.0471942186605538,0.148086418688286,0.318693767319036,0.749958741371126,0.930011466334966,"Pancreatic Cancer"
"27D",21492.283610281,0.00748985135480824,0.117086305729172,0.0639686367091702,0.948995199922686,0.980353302181001,"Pancreatic Cancer"
"28A",22202.7693206061,-0.0234699377166244,0.106436059865548,-0.22050738956583,0.82547601796639,0.953954775626528,"Pancreatic Cancer"
"28B",34569.5927964183,0.0641879439591475,0.10894150724331,0.589196400741821,0.55572953134401,0.894332873433157,"Pancreatic Cancer"
"28C",7690.59275002217,0.127199219775038,0.132111041764194,0.962820503694739,0.335637609306679,0.791092066938006,"Pancreatic Cancer"
"28D",25232.1812301181,0.00853503551111116,0.198630532515725,0.0429694035605301,0.965725923738874,0.990590306044352,"Pancreatic Cancer"
"29A",17756.038254425,-0.0424331204877597,0.110493485931545,-0.384032779217851,0.700954152534864,0.916866506680385,"Pancreatic Cancer"
"29B",10637.7793863165,-0.00170116966504776,0.207148797713375,-0.00821230769295421,0.993447600134468,0.998490481353425,"Pancreatic Cancer"
"29C",11839.0804488641,0.144567448114942,0.119327162213849,1.2115217141916,0.225695517714379,0.716915173916261,"Pancreatic Cancer"
"29D",16457.2063679007,-0.115281642582773,0.189531336659187,-0.608245816310954,0.543024451682949,0.894332873433157,"Pancreatic Cancer"
"2A",1411.31863370001,-0.00534830174716467,0.143957156862065,-0.0371520378961723,0.970363780400562,0.990590306044352,"Pancreatic Cancer"
"2B",766.877702089875,-0.256562235217824,0.204640328059503,-1.25372275176975,0.209942795289684,0.711828663981515,"Pancreatic Cancer"
"2C",825.761054661343,0.206069007976349,0.220400087929223,0.93497697715313,0.349800164439325,0.791092066938006,"Pancreatic Cancer"
"2D",646.538032483969,-0.025399854411556,0.250023396870448,-0.101589910102362,0.919082188583786,0.96968884550403,"Pancreatic Cancer"
"30A",7056.15607535206,-0.100417078573409,0.122287710119671,-0.821154296495861,0.411558385701521,0.822249482935459,"Pancreatic Cancer"
"30C",11855.9744784049,0.0351060245257368,0.117686387995432,0.29830148688988,0.765473069549246,0.933657090990251,"Pancreatic Cancer"
"31A",1708.22513163662,0.0548798194125392,0.365571463299596,0.150120632822928,0.880669441810278,0.965831160026013,"Pancreatic Cancer"
"31C",10833.6871366996,0.0839487354933903,0.123755741988679,0.678342145135129,0.49755478253485,0.869257473016767,"Pancreatic Cancer"
"31D",22783.8724743749,-0.0188819396985451,0.127823861580802,-0.14771842647399,0.882564988952365,0.965831160026013,"Pancreatic Cancer"
"32A",15236.9775626138,0.166990783043735,0.430966694087758,0.387479555461263,0.698401217509354,0.916866506680385,"Pancreatic Cancer"
"32B",32571.5166263113,-0.0196047164481182,0.126957231302495,-0.15441984869225,0.8772787043689,0.965831160026013,"Pancreatic Cancer"
"32C",7465.77863608017,0.156374051266494,0.134248253337081,1.16481255717985,0.244094874812991,0.757790756620781,"Pancreatic Cancer"
"32D",25402.9087451043,0.0407188224719953,0.166443150224768,0.244641022577425,0.806734397579553,0.950794111433044,"Pancreatic Cancer"
"33A",23083.315876479,-0.163301652868296,0.165575463713621,-0.986267223450099,0.324001999261254,0.791092066938006,"Pancreatic Cancer"
"33C",16950.054139049,0.106008869070606,0.110472428431719,0.959595716103294,0.337258725927769,0.791092066938006,"Pancreatic Cancer"
"33D",40813.2108148876,0.130371404530894,0.134350368180114,0.970383678860587,0.331855280951883,0.791092066938006,"Pancreatic Cancer"
"34A",94432.7821626022,0.174848471138802,0.0906152345469797,1.92957036433152,0.0536600937720194,0.526620619523572,"Pancreatic Cancer"
"34B",9782.60782200014,0.265091972224924,0.154913452690872,1.71122628551771,0.0870393481008886,0.561971443173129,"Pancreatic Cancer"
"34C",24662.8686462584,0.208764403974165,0.0907844862755412,2.29956033832192,0.0214731412667653,0.352715257833765,"Pancreatic Cancer"
"34D",42074.6897958263,0.0869891601452087,0.109865897022928,0.791775814901459,0.428491406668854,0.834504575610817,"Pancreatic Cancer"
"35A",38120.8071478313,0.287474144692889,0.156982427548724,1.83125047294649,0.0670631662945092,0.531140277052513,"Pancreatic Cancer"
"35B",2121.56364506956,-0.083733814599968,0.175829083443312,-0.476222778167207,0.633915673379841,0.911705120903061,"Pancreatic Cancer"
"35C",14605.8099178539,0.0560334035977735,0.104203026802847,0.537732974914338,0.59076141056575,0.901356589398608,"Pancreatic Cancer"
"35D",6135.12862429184,-0.215317224491629,0.159693875002926,-1.34831235379368,0.177557940388115,0.693877740727237,"Pancreatic Cancer"
"36A",47793.4277498168,0.327799970884711,0.121617926024191,2.69532610529396,0.00703197719644611,0.206800153918917,"Pancreatic Cancer"
"36B",1609.22791438128,-0.175240764564331,0.154381364367697,-1.13511605032168,0.256326697442765,0.757790756620781,"Pancreatic Cancer"
"36C",21723.5747426408,0.0172959032059859,0.0952142883328567,0.181652391766262,0.855855530105985,0.959755919378373,"Pancreatic Cancer"
"36D",108527.657633304,0.163609123367911,0.126003766180184,1.29844629512067,0.194134019542826,0.70924707994885,"Pancreatic Cancer"
"37A",15093.1353627801,-0.0705031181991076,0.168451772593131,-0.41853592345031,0.67555532724668,0.916032311247777,"Pancreatic Cancer"
"37C",14475.9979480192,0.0724697739159919,0.102542828666892,0.706726885323287,0.479736218566812,0.866597466892019,"Pancreatic Cancer"
"37D",29287.1411996728,0.106509383550463,0.103003054960734,1.03404101549285,0.301116989154465,0.783611184920806,"Pancreatic Cancer"
"38A",2481.37972844174,0.145635975001969,0.165317626442461,0.880946443134771,0.378346808389859,0.80348798650336,"Pancreatic Cancer"
"38B",73995.2904017652,0.10790268367099,0.106471756685693,1.01343949822788,0.310850281083578,0.786808744171196,"Pancreatic Cancer"
"38C",11026.332252792,-0.1258360018254,0.156486268786852,-0.804134463687674,0.42131932274052,0.83449608078204,"Pancreatic Cancer"
"38D",4197.46053825822,0.12346119348902,0.174408488509368,0.70788523279008,0.479016530872772,0.866597466892019,"Pancreatic Cancer"
"39A",49965.9015239059,-0.0108895256957716,0.12185315594254,-0.0893659717841576,0.928791065819704,0.973830521527292,"Pancreatic Cancer"
"39B",2971.16978802455,-0.184420357408749,0.150849681537152,-1.22254389621186,0.221502014608285,0.711828663981515,"Pancreatic Cancer"
"39C",10669.5592406495,-0.124455156800707,0.162041795434265,-0.768043556091027,0.442461308543012,0.842961007997747,"Pancreatic Cancer"
"3A",1330.95720381314,-0.024793403274375,0.148441618250144,-0.16702460918066,0.867350685583303,0.96480581879491,"Pancreatic Cancer"
"3B",1666.6182900789,-0.903588037934207,0.267761331382665,-3.37460242398804,0.000739224017682162,0.0439099066503204,"Pancreatic Cancer"
"3D",845.391223318535,0.226233018146522,0.217982320613238,1.03785030597928,0.299339752114944,0.783611184920806,"Pancreatic Cancer"
"40A",7071.36841833184,-0.0418796384934508,0.121291996767583,-0.345279487596364,0.729884266061253,0.922449476681669,"Pancreatic Cancer"
"40C",965.032983139879,-1.0543702231441,0.84592134420261,-1.24641638418283,0.212611569251541,0.711828663981515,"Pancreatic Cancer"
"40D",43978.930422949,-0.238102065843869,0.114359086538793,-2.08205638091643,0.0373373201240944,0.485555435455099,"Pancreatic Cancer"
"41A",12761.5473485109,0.257980589137922,0.128796119438023,2.00301523262945,0.0451756535007222,0.500375991394387,"Pancreatic Cancer"
"41C",38597.9901103739,0.0953115681396273,0.139040661434871,0.685494208356259,0.493032114084787,0.868026610920052,"Pancreatic Cancer"
"41D",9139.52363695146,0.0267533404216161,0.182651415123247,0.146472122340601,0.883548695699582,0.965831160026013,"Pancreatic Cancer"
"42A",3492.96581843496,0.0173678259826988,0.250176936302993,0.0694221707218618,0.944653581806559,0.979274393705229,"Pancreatic Cancer"
"42B",6625.39843993505,-0.161473328553386,0.168103123203773,-0.960561145301566,0.336772872924725,0.791092066938006,"Pancreatic Cancer"
"42C",3941.61486207758,-0.230076556449998,0.16161917208081,-1.42357217579953,0.154570355073664,0.644502595322581,"Pancreatic Cancer"
"42D",2219.39142661716,-0.122494290354288,0.257404999231426,-0.475881551329767,0.63415876618396,0.911705120903061,"Pancreatic Cancer"
"43A",50272.8243937819,-0.0675316684594781,0.147278653276502,-0.458529915619839,0.646571775005876,0.91424936736595,"Pancreatic Cancer"
"43C",1276.38466279211,0.0794212501422246,0.179634160270841,0.442127766915147,0.658396752406599,0.91424936736595,"Pancreatic Cancer"
"43D",349.363624640839,-0.824429304316706,0.299680783910776,-2.75102491910914,0.00594091238589157,0.206800153918917,"Pancreatic Cancer"
"44A",49382.8673510297,-0.0686005604386344,0.146692323646854,-0.467649286160215,0.640035413159219,0.911705120903061,"Pancreatic Cancer"
"44B",13782.6022942179,0.151894806935771,0.124186244002492,1.2231210320905,0.221283985894899,0.711828663981515,"Pancreatic Cancer"
"44C",14878.2289975697,0.095932924513596,0.109665850174036,0.874774821526969,0.381696439633321,0.80348798650336,"Pancreatic Cancer"
"45A",31150.3999066627,0.157721189582893,0.116702107408284,1.35148535948116,0.176540006639806,0.693877740727237,"Pancreatic Cancer"
"45C",27098.9382507852,-0.0404107506222031,0.106537691429811,-0.379309426362278,0.704458100546167,0.916866506680385,"Pancreatic Cancer"
"45D",16990.4108789924,0.095344528167332,0.100543162627526,0.948294500348539,0.342979549879676,0.791092066938006,"Pancreatic Cancer"
"46A",15287.1717882256,-0.023152371069992,0.145294785802488,-0.159347570128669,0.873395043975462,0.965831160026013,"Pancreatic Cancer"
"46B",18545.64083511,-0.066812548855264,0.122640536663893,-0.544783565635966,0.585902382998147,0.901356589398608,"Pancreatic Cancer"
"46C",22433.500938822,0.182924533372754,0.12092847814382,1.51266712506877,0.130364234201149,0.614574246948274,"Pancreatic Cancer"
"46D",5777.53567889313,0.00510581240545984,0.130200430220985,0.0392150194649428,0.968718959046089,0.990590306044352,"Pancreatic Cancer"
"47A",11630.1765344339,-0.0184905333933666,0.146600354083875,-0.126128845383195,0.89962993448738,0.965831160026013,"Pancreatic Cancer"
"47C",22935.5124827146,0.0249347091443979,0.193152115675664,0.129093637194571,0.897283556664195,0.965831160026013,"Pancreatic Cancer"
"47D",422.594964135874,-1.12971072532907,0.309038647113729,-3.6555645576371,0.000256616618156092,0.0208192021165302,"Pancreatic Cancer"
"48A",5128.69084969965,0.073534152709047,0.145469209832592,0.505496336947669,0.613210270600058,0.904254621209616,"Pancreatic Cancer"
"48C",24806.4715460484,0.0241195034908745,0.202606768958603,0.119045891777696,0.905238997886619,0.965831160026013,"Pancreatic Cancer"
"49A",26351.748085352,-0.187400036099889,0.165008876007316,-1.13569670089492,0.25608352180158,0.757790756620781,"Pancreatic Cancer"
"49B",5677.66588014816,-0.131164819577376,0.138257713645454,-0.948698022836779,0.342774219911364,0.791092066938006,"Pancreatic Cancer"
"49C",8532.75956122102,-0.181049905169518,0.137973668230978,-1.31220621652551,0.18945056492563,0.70924707994885,"Pancreatic Cancer"
"49D",12278.4150668519,-0.105859780365338,0.184852981574324,-0.572670126625868,0.566868067980111,0.901356589398608,"Pancreatic Cancer"
"4A",704.508249934377,-0.163144017292854,0.215710631100255,-0.756309582243215,0.449463604320769,0.844877787868787,"Pancreatic Cancer"
"4B",6697.592421227,0.1004550048243,0.122582893120067,0.819486326904578,0.41250899985651,0.822249482935459,"Pancreatic Cancer"
"4C",3660.18317495393,-0.19246442969198,0.114722228006919,-1.67765596114793,0.0934142813185872,0.578000865658759,"Pancreatic Cancer"
"4D",10568.490656537,0.0424373957180071,0.103973522539696,0.408155794681333,0.683159299749642,0.916032311247777,"Pancreatic Cancer"
"50A",25211.4829414313,-0.0687453378054722,0.154918347299351,-0.443752073294678,0.657221842400778,0.91424936736595,"Pancreatic Cancer"
"50C",24588.2729124399,0.169126146416259,0.119964346861921,1.4098034194353,0.158597736672671,0.649703831610803,"Pancreatic Cancer"
"50D",8421.10642705107,0.0131588126421444,0.146237593149164,0.0899824207905441,0.928301184329371,0.973830521527292,"Pancreatic Cancer"
"51A",1934.41846557947,0.00508242677641223,0.169248389431248,0.0300293952190122,0.976043609742625,0.993237640403051,"Pancreatic Cancer"
"51C",13583.7114508681,-0.0485312845974103,0.115663898857663,-0.419588869791888,0.674785820657398,0.916032311247777,"Pancreatic Cancer"
"51D",3787.78440047212,-0.36866171840992,0.144961898080456,-2.54316288136147,0.0109854006336877,0.26101311905642,"Pancreatic Cancer"
"52A",2564.12382992382,-0.0964432145075194,0.187635781975959,-0.51399159313801,0.607257868340666,0.904254621209616,"Pancreatic Cancer"
"52B",18456.5197760215,0.0516637800108338,0.106455212109768,0.485310009598798,0.627456456218677,0.911705120903061,"Pancreatic Cancer"
"52C",43752.2287106981,0.0989359490925169,0.112041051519678,0.883033028970995,0.377218426310144,0.80348798650336,"Pancreatic Cancer"
"52D",33790.3578019319,0.0326745051929366,0.106017398023856,0.308199463503002,0.757930560671676,0.93095540719054,"Pancreatic Cancer"
"53A",6965.9867919007,-0.259509271267878,0.158103881850921,-1.6413845645648,0.100717611939817,0.580193719454955,"Pancreatic Cancer"
"53B",10387.4204101513,0.176271037274431,0.108518898027692,1.62433493592471,0.10430434497195,0.580193719454955,"Pancreatic Cancer"
"53C",6696.31563764993,-0.194265860993071,0.171421220338135,-1.13326611845298,0.257102515530673,0.757790756620781,"Pancreatic Cancer"
"53D",4394.92984420634,-0.357249500092712,0.156617464338892,-2.28103233314829,0.0225465336649734,0.352715257833765,"Pancreatic Cancer"
"54C",46267.0120898852,-0.0200456543263698,0.164991439544498,-0.121495117454039,0.903298881764561,0.965831160026013,"Pancreatic Cancer"
"55A",21935.5272216336,-0.0289881285873,0.158737284305057,-0.182617012217441,0.855098534995637,0.959755919378373,"Pancreatic Cancer"
"55B",17994.6081168926,-0.031917834522463,0.143360419922066,-0.222640492681412,0.823815318726235,0.953954775626528,"Pancreatic Cancer"
"55C",93289.2885347119,0.139518682996476,0.139028106847207,1.00352861130309,0.315605879390694,0.791012204042499,"Pancreatic Cancer"
"55D",4834.05636256209,-1.06502060187708,0.206253537185241,-5.16364769502382,2.42183323926106e-07,4.7952298137369e-05,"Pancreatic Cancer"
"56A",12050.1824329661,0.377470851891623,0.156516269144893,2.41170361364916,0.0158781832127383,0.324481313326295,"Pancreatic Cancer"
"56B",17962.4304599484,-0.194530133748283,0.123392833182259,-1.5765107967085,0.114908132540803,0.580193719454955,"Pancreatic Cancer"
"56D",662.642731068182,-0.40116839426851,0.245831266677799,-1.6318851531376,0.102703682253592,0.580193719454955,"Pancreatic Cancer"
"57A",12805.1923099969,0.177073883261821,0.123042511206258,1.43912767649053,0.150114351815836,0.644502595322581,"Pancreatic Cancer"
"57B",4118.31367043956,-0.573596136417144,0.167107650616135,-3.43249476790718,0.00059805542112599,0.0394716577943154,"Pancreatic Cancer"
"57C",31682.9004840142,0.11802294786244,0.103150067450454,1.14418682197304,0.252546167064062,0.757790756620781,"Pancreatic Cancer"
"57D",1002.48214346529,-0.141522941878064,0.218320467710651,-0.648234878580558,0.516833046204753,0.887279853889085,"Pancreatic Cancer"
"58A",30209.8631255802,-0.0923462851895608,0.107416770046968,-0.859700819054442,0.389953983175095,0.806646490618186,"Pancreatic Cancer"
"58B",4864.73624513696,-0.329823484769687,0.107220470266088,-3.07612421351229,0.00209710462019114,0.103806678699461,"Pancreatic Cancer"
"58C",17661.8299324823,0.145247473855563,0.0958334562713212,1.51562386985545,0.129614487788858,0.614574246948274,"Pancreatic Cancer"
"59A",26749.3116135406,-0.0338021147627278,0.104123426001741,-0.324635061106831,0.74545728829657,0.929982388225165,"Pancreatic Cancer"
"59B",1877.6733301734,-0.0804728964768945,0.180437773268519,-0.445986973897856,0.655606655322125,0.91424936736595,"Pancreatic Cancer"
"59D",965.597457304742,0.225417254625579,0.218439836543342,1.03194205870436,0.302099261526708,0.783611184920806,"Pancreatic Cancer"
"5A",574.251554469322,-0.147101023784298,0.262536668463614,-0.560306583629424,0.57527033754036,0.901356589398608,"Pancreatic Cancer"
"5C",8823.87792168654,0.0304157148714611,0.114778504626611,0.264994869643993,0.791013414012897,0.943986254278122,"Pancreatic Cancer"
"5D",21901.9287124141,0.0515923346013372,0.0937361004346949,0.550399839145016,0.582045158981021,0.901356589398608,"Pancreatic Cancer"
"60A",4983.52968024271,0.0225567109299854,0.112281416073544,0.200894428648912,0.840781124201477,0.959755919378373,"Pancreatic Cancer"
"60B",9388.47865831812,0.0286825588319403,0.107994548905228,0.265592653728395,0.790552943938114,0.943986254278122,"Pancreatic Cancer"
"60C",37781.402258869,-0.272110925609259,0.0968109092004483,-2.81074651458803,0.00494267093140096,0.206800153918917,"Pancreatic Cancer"
"60D",3211.84102764642,-0.22659630323898,0.122893469355975,-1.84384332565807,0.0652059765507538,0.531140277052513,"Pancreatic Cancer"
"61A",21995.2107442712,0.0514997775543493,0.093562624768183,0.55043109021309,0.582023729156748,0.901356589398608,"Pancreatic Cancer"
"61B",10113.7134665851,-0.0613809237259703,0.150596488993632,-0.407585356977119,0.683578116469316,0.916032311247777,"Pancreatic Cancer"
"61D",14020.8362697304,0.183141201619901,0.129170897684918,1.41782092485438,0.156243053411535,0.644502595322581,"Pancreatic Cancer"
"62A",3930.40335658555,-0.248735289358336,0.124583670476805,-1.99653203671381,0.045876042202645,0.500375991394387,"Pancreatic Cancer"
"62B",11911.6281750758,-0.131028296520831,0.143667416838703,-0.912025143933208,0.361755481540803,0.795862059389766,"Pancreatic Cancer"
"62C",16462.2710114487,-0.118213633565207,0.0959086459412096,-1.23256493098307,0.217738127570708,0.711828663981515,"Pancreatic Cancer"
"62D",1882.25588172232,0.144294137625325,0.181826157004639,0.793582947593417,0.427438262920328,0.834504575610817,"Pancreatic Cancer"
"63A",7767.11122271937,-0.276901675977993,0.148403584404485,-1.86586919102491,0.0620596689674243,0.526620619523572,"Pancreatic Cancer"
"63C",17720.3357883253,-0.20729617977854,0.108133607717144,-1.91703748866666,0.0552331691771139,0.526620619523572,"Pancreatic Cancer"
"63D",2796.03205785133,0.000777390989385765,0.18209497710103,0.00426915119660029,0.996593720519447,0.998601009969066,"Pancreatic Cancer"
"64A",12273.4355914824,-0.243089345799496,0.148089791171386,-1.6414996866203,0.100693732079475,0.580193719454955,"Pancreatic Cancer"
"64B",696.517333663265,-0.0777917208251131,0.242500582127705,-0.320789831276143,0.748369665945503,0.929982388225165,"Pancreatic Cancer"
"64C",28286.9621141618,-0.107294527046323,0.14066589391405,-0.762761491508971,0.445605650692412,0.842961007997747,"Pancreatic Cancer"
"64D",13190.7253253061,-0.135740799712642,0.104019662001125,-1.30495328576606,0.191908755046909,0.70924707994885,"Pancreatic Cancer"
"65A",3212.96596364076,0.0125743378070289,0.143940838134611,0.0873576809054679,0.930387206476043,0.973830521527292,"Pancreatic Cancer"
"65B",1634.6942628735,0.188913264013869,0.212343538386944,0.88965864207095,0.373649207696462,0.80348798650336,"Pancreatic Cancer"
"65C",2219.39142661716,-0.122494290354288,0.257404999231426,-0.475881551329767,0.63415876618396,0.911705120903061,"Pancreatic Cancer"
"65D",3910.23603208174,-0.193632961109254,0.120678074517635,-1.60454135420397,0.108594776588356,0.580193719454955,"Pancreatic Cancer"
"66A",6613.22401957689,0.136731673825279,0.10950309828835,1.24865575460914,0.211791010356799,0.711828663981515,"Pancreatic Cancer"
"66B",275.718392459219,-0.244701159499838,0.297274395674127,-0.823149127744186,0.410423194229853,0.822249482935459,"Pancreatic Cancer"
"66C",4635.2446335284,0.739279544408149,1.7320750208483,0.426817277259781,0.669512421351741,0.916032311247777,"Pancreatic Cancer"
"66D",11612.7841637013,0.0503730164628641,0.121750806827203,0.413738666507211,0.679065506181447,0.916032311247777,"Pancreatic Cancer"
"67A",4636.70973247793,0.177355269027278,0.110952959294189,1.59847263340696,0.109937831177762,0.580193719454955,"Pancreatic Cancer"
"67C",4026.87609632064,-0.0699059685556523,0.134362417068919,-0.520279182829786,0.60286900296857,0.904254621209616,"Pancreatic Cancer"
"67D",20535.8633270213,0.15405482800401,0.0968171378242702,1.59119378517087,0.111565971101851,0.580193719454955,"Pancreatic Cancer"
"68A",4584.52489009899,-0.12046409559893,0.150762724739964,-0.799031032416712,0.42427241817538,0.83449608078204,"Pancreatic Cancer"
"68C",302.704801469378,-0.879178619723761,0.327766687158911,-2.68233061555005,0.00731111655268898,0.206800153918917,"Pancreatic Cancer"
"68D",11389.7014847102,0.172459697990068,0.121531705906934,1.4190510756274,0.155884125922274,0.644502595322581,"Pancreatic Cancer"
"69A",10554.0598370167,0.127900515325027,0.111610029528225,1.14595897757273,0.25181212623485,0.757790756620781,"Pancreatic Cancer"
"69B",791.343169606471,-0.0192566690855439,0.184573385644664,-0.1043306921975,0.916906921962072,0.969115145276639,"Pancreatic Cancer"
"69C",23918.9796350893,0.213785752120799,0.114120390692849,1.8733352630749,0.061022103336004,0.526620619523572,"Pancreatic Cancer"
"69D",7555.35868655529,0.12569260511976,0.11294253970713,1.11288984155741,0.265755743438404,0.770043471231279,"Pancreatic Cancer"
"6A",187.536128153259,-0.685064139593979,0.397231805124528,-1.72459538928213,0.0846004149482132,0.561971443173129,"Pancreatic Cancer"
"6C",18077.5195761773,0.0671369218960579,0.0934594570959846,0.718353433479792,0.472539391436152,0.866322217632945,"Pancreatic Cancer"
"6D",10165.6354685939,0.139835883151385,0.157673654389305,0.886869044121493,0.375149409647063,0.80348798650336,"Pancreatic Cancer"
"70A",10352.5679429218,0.133554687507576,0.100517628478761,1.32866930436779,0.18395709621766,0.70924707994885,"Pancreatic Cancer"
"70B",1330.95720381314,-0.024793403274375,0.148441618250144,-0.16702460918066,0.867350685583303,0.96480581879491,"Pancreatic Cancer"
"70C",8338.78793254432,0.131228256183,0.101504833649173,1.29282765623318,0.196070672876045,0.70924707994885,"Pancreatic Cancer"
"70D",11309.9836099226,0.124540542727084,0.0973081054924782,1.27985785045122,0.200595133722907,0.70924707994885,"Pancreatic Cancer"
"71A",4938.93407557739,-0.253671439105959,0.109044945761252,-2.32630166703332,0.0200024631638542,0.339470374837982,"Pancreatic Cancer"
"71C",17991.3698287543,0.0945560002369441,0.101151248284188,0.934798154653372,0.349892330776667,0.791092066938006,"Pancreatic Cancer"
"71D",17578.7542930603,0.134654812242391,0.102512162387029,1.31354962286338,0.188997811258522,0.70924707994885,"Pancreatic Cancer"
"72A",23674.7226387672,-0.0427460727937196,0.113072795973321,-0.378040291882455,0.705400662547031,0.916866506680385,"Pancreatic Cancer"
"72B",431.207232084654,-0.0476427580935371,0.263183160671194,-0.181025100435887,0.856347874192825,0.959755919378373,"Pancreatic Cancer"
"72D",9836.03048666227,0.025096161077484,0.12348215406279,0.203237150080187,0.838949677146481,0.959755919378373,"Pancreatic Cancer"
"73A",2959.41184216996,-0.210313038720992,0.133890953784741,-1.5707785535617,0.116234095311683,0.580193719454955,"Pancreatic Cancer"
"73B",4859.57902160788,0.0495684530883417,0.141434544243215,0.350469210712076,0.725986592993694,0.921444521876612,"Pancreatic Cancer"
"73C",9458.13988029407,0.0348275628078778,0.111583424022918,0.312121295011744,0.75494834331271,0.93095540719054,"Pancreatic Cancer"
"73D",6155.69030245693,-0.101962794362476,0.202899592934795,-0.502528333781543,0.615295926838756,0.904254621209616,"Pancreatic Cancer"
"74A",5604.24434416439,0.122919115937437,0.167733767145297,0.732822722755403,0.463666560451109,0.859601571245325,"Pancreatic Cancer"
"74B",6341.82056360271,0.115874179862154,0.124699341757637,0.929228480510869,0.352770690569358,0.791092066938006,"Pancreatic Cancer"
"74C",9097.11079700613,-0.123687138589869,0.119434462243296,-1.03560677769797,0.300385628709823,0.783611184920806,"Pancreatic Cancer"
"74D",9956.5423328253,-0.129872117874813,0.132479365736507,-0.980319592812063,0.326928386282056,0.791092066938006,"Pancreatic Cancer"
"75A",6056.70446130546,0.345248161439307,0.226631131264029,1.5233924814905,0.12766054190836,0.611535176561016,"Pancreatic Cancer"
"75D",5890.95771877494,-0.197995362755753,0.160269250570648,-1.23539207958345,0.216684619107448,0.711828663981515,"Pancreatic Cancer"
"76A",12661.4148794249,0.0152622413119962,0.10784595059268,0.141518909408473,0.887460022827105,0.965831160026013,"Pancreatic Cancer"
"76C",406.365160308793,-1.13592230825039,0.310512221673898,-3.65822092968484,0.000253972079590291,0.0208192021165302,"Pancreatic Cancer"
"76D",759.66449221193,-0.665775377023755,0.353162781488595,-1.88517989981132,0.0594055535984029,0.526620619523572,"Pancreatic Cancer"
"77A",10113.7134665851,-0.0613809237259703,0.150596488993632,-0.407585356977119,0.683578116469316,0.916032311247777,"Pancreatic Cancer"
"77B",31466.0842108511,-0.0502714355522011,0.122226139168599,-0.411298564236384,0.680853622250409,0.916032311247777,"Pancreatic Cancer"
"77C",19635.8603801363,-0.00652121647980826,0.136854262471202,-0.0476508101541996,0.961994537344245,0.990590306044352,"Pancreatic Cancer"
"77D",16652.8429826926,0.0229731341852752,0.10344056581197,0.22209018294655,0.824243679914553,0.953954775626528,"Pancreatic Cancer"
"78A",987.90751738567,0.122211247035616,0.222862891381264,0.54836965579228,0.583438107639888,0.901356589398608,"Pancreatic Cancer"
"78B",39252.061984352,-0.0766661352319994,0.112442644659346,-0.68182436889728,0.49535001327498,0.868026610920052,"Pancreatic Cancer"
"78C",10975.6820340897,-0.114444070595823,0.191119283592591,-0.598809646230064,0.549299829000714,0.894332873433157,"Pancreatic Cancer"
"78D",3447.37019375714,0.0862028283012168,0.125612251191541,0.686261311962078,0.492548340810711,0.868026610920052,"Pancreatic Cancer"
"79A",1259.39315986051,0.287897775485281,0.223713850350779,1.2869018839641,0.198128488565322,0.70924707994885,"Pancreatic Cancer"
"79B",8602.80874764611,-0.200530064247455,0.152593270668036,-1.31414749398553,0.188796573948835,0.70924707994885,"Pancreatic Cancer"
"79C",12625.3730386492,-0.120644579165611,0.184749551318631,-0.653016899389052,0.513745383820642,0.886884606124939,"Pancreatic Cancer"
"79D",39650.7418790616,0.102358273258173,0.0922543882485348,1.10952199891476,0.267205059601765,0.770484492249751,"Pancreatic Cancer"
"7A",3739.43262613958,0.202008634938806,0.12734679621132,1.58628753096851,0.112674099534728,0.580193719454955,"Pancreatic Cancer"
"7C",10035.3302838646,0.134513158929075,0.159936511288331,0.841040972105344,0.400324981558963,0.811580338041037,"Pancreatic Cancer"
"7D",2188.2295756868,0.124748701010402,0.16300890180008,0.765287659954904,0.444100270528263,0.842961007997747,"Pancreatic Cancer"
"80A",877.339922403978,0.309181225845943,0.216072134447268,1.43091670120655,0.152454089893377,0.644502595322581,"Pancreatic Cancer"
"80C",5237.05615567859,-0.134898371901661,0.158992458198037,-0.848457677996494,0.396183132633595,0.811492347532259,"Pancreatic Cancer"
"80D",40048.460616042,0.227922378786489,0.110665837498583,2.05955499852795,0.0394411020847613,0.498468396560601,"Pancreatic Cancer"
"81A",1006.33746419409,0.176108764988401,0.224637528857125,0.783968582117061,0.433058545660517,0.83618349428509,"Pancreatic Cancer"
"81D",65584.4997666418,0.0835412713612784,0.138528151007908,0.603063498310242,0.546466447916457,0.894332873433157,"Pancreatic Cancer"
"82A",916.142230554943,0.0654417309582635,0.265319966650898,0.246652115120949,0.805177468256175,0.950794111433044,"Pancreatic Cancer"
"82C",1970.73329218662,-0.332156426519013,0.164334997412304,-2.02121539385587,0.0432574728509639,0.500375991394387,"Pancreatic Cancer"
"82D",5835.79069311395,-0.0150999138500678,0.119526629450246,-0.126330960050649,0.899469950001303,0.965831160026013,"Pancreatic Cancer"
"83A",234.542923468387,-0.303230012913513,0.321009820122185,-0.944612886914473,0.344856545418166,0.791092066938006,"Pancreatic Cancer"
"83B",10528.9025485702,0.0203417060542835,0.115083686178843,0.176755774251721,0.859700229013342,0.959890857206626,"Pancreatic Cancer"
"83C",14512.298405937,-0.0962064293954676,0.11430747899737,-0.841645973118533,0.399986147882809,0.811580338041037,"Pancreatic Cancer"
"84B",9978.40810316105,0.033999445961481,0.135891554849209,0.250195429724888,0.802436219439657,0.949496243719435,"Pancreatic Cancer"
"84C",33790.3578019319,0.0326745051929366,0.106017398023856,0.308199463503002,0.757930560671676,0.93095540719054,"Pancreatic Cancer"
"84D",26591.4772116555,0.192692454451696,0.112092683968768,1.71904577202725,0.0856060377721197,0.561971443173129,"Pancreatic Cancer"
"85C",56911.4173112176,0.209591155216673,0.119646449712116,1.75175406976951,0.0798161050796974,0.561971443173129,"Pancreatic Cancer"
"85D",6280.11937900145,0.128518116795103,0.13950515664564,0.921242768979176,0.356923693500649,0.791092066938006,"Pancreatic Cancer"
"86B",14605.4066272377,0.0928540942557058,0.216705032602854,0.428481485364834,0.668300610328461,0.916032311247777,"Pancreatic Cancer"
"86C",69098.5922239118,-0.0742871486311366,0.167169787560491,-0.444381426304412,0.65676683971671,0.91424936736595,"Pancreatic Cancer"
"86D",35155.2175147227,-0.0253636919245021,0.136902027848479,-0.185268927883042,0.853018108065253,0.959755919378373,"Pancreatic Cancer"
"87B",16924.5400914781,0.122084961825199,0.198124067003535,0.616204601851931,0.537759491610317,0.894332873433157,"Pancreatic Cancer"
"87C",3535.5752912617,-0.347917509089189,0.194202902407704,-1.79151549629665,0.0732106101309946,0.561971443173129,"Pancreatic Cancer"
"87D",14199.8216683902,-0.115751205347118,0.123828967512166,-0.934766780929071,0.349908502597181,0.791092066938006,"Pancreatic Cancer"
"88C",1968.50621300464,-0.236633165722607,0.229044472624788,-1.03313196346043,0.301542146985879,0.783611184920806,"Pancreatic Cancer"
"88D",12961.3059339885,-0.0921807125842378,0.157265813066043,-0.58614590664741,0.557777469023454,0.894332873433157,"Pancreatic Cancer"
"89B",1651.45583916943,-0.192542821753089,0.149983159555435,-1.28376293927801,0.19922491463981,0.70924707994885,"Pancreatic Cancer"
"89C",5142.51370991677,-0.166046288880384,0.184971456880396,-0.897686008862171,0.369352970595099,0.80071410413682,"Pancreatic Cancer"
"89D",1348.43675236087,-0.220014752502002,0.202525431977123,-1.08635616946545,0.277321445237544,0.780705869531285,"Pancreatic Cancer"
"8A",1213.67669760801,0.0558905465682305,0.190533726731709,0.293336762613845,0.769264756384534,0.934444305301459,"Pancreatic Cancer"
"8B",961.263721387629,-0.543810777864593,0.226572799683004,-2.40015914807706,0.0163879451174897,0.324481313326295,"Pancreatic Cancer"
"8C",8322.68406766196,0.142873529285112,0.100448599272975,1.42235462036504,0.154923329878452,0.644502595322581,"Pancreatic Cancer"
"8D",3683.04187077136,0.0528668059791128,0.163612458598338,0.323122129158261,0.746602751781894,0.929982388225165,"Pancreatic Cancer"
"90C",654.541674078573,0.360822901442166,0.258175908973604,1.39758547912794,0.162237581380088,0.651142725268731,"Pancreatic Cancer"
"90D",12968.4755864306,-0.205777991336844,0.178912302374376,-1.15016121645034,0.250077476801031,0.757790756620781,"Pancreatic Cancer"
"91C",1075.10037252851,0.477050043674516,0.235344031590293,2.02703268254113,0.042659070399191,0.500375991394387,"Pancreatic Cancer"
"91D",9148.40119728985,-0.227149931872128,0.115594899915438,-1.96505150346854,0.0494082768046113,0.506008903826537,"Pancreatic Cancer"
"92C",1293.95510623131,-0.379945539935332,0.186926563440981,-2.03259254833139,0.0420937049766089,0.500375991394387,"Pancreatic Cancer"
"92D",29824.1603046864,0.101829176229829,0.120423588720264,0.845591609683481,0.397780607767948,0.811580338041037,"Pancreatic Cancer"
"93C",558.771115741515,-0.184577294538749,0.283571555521715,-0.650902006723359,0.515109745981657,0.886884606124939,"Pancreatic Cancer"
"93D",69256.5468322262,0.167523486051985,0.106389224999518,1.5746283145943,0.115342263228473,0.580193719454955,"Pancreatic Cancer"
"94B",11441.5993386133,0.0810110902622627,0.111389375413206,0.72727843173325,0.46705540790745,0.861586684152252,"Pancreatic Cancer"
"94C",539.637505474636,-0.27269814747231,0.262221446935535,-1.03995363712317,0.298361441096101,0.783611184920806,"Pancreatic Cancer"
"94D",1701.88726815429,-0.432656352185837,0.18206176284995,-2.37642624905494,0.0174812556292889,0.324495807618676,"Pancreatic Cancer"
"95B",8845.70723963565,-0.0680225694142114,0.10885674431136,-0.624881534392101,0.532048812552949,0.894332873433157,"Pancreatic Cancer"
"95C",668.466916869403,-0.0893144242042913,0.243860577577965,-0.366251999775308,0.714177043467144,0.920619313982911,"Pancreatic Cancer"
"95D",1080.0811680693,-0.155988264123222,0.330758282905106,-0.471608035793242,0.637206589873885,0.911705120903061,"Pancreatic Cancer"
"96B",14417.3440713803,0.00171462240178861,0.113834819085559,0.0150623720893331,0.987982420277411,0.997089199896351,"Pancreatic Cancer"
"96C",592.471235024504,0.0917514617827797,0.265652783797965,0.345381141770978,0.7298078526102,0.922449476681669,"Pancreatic Cancer"
"96D",987.845522819654,0.438832687410394,0.232250813807913,1.88947750156577,0.0588278746733654,0.526620619523572,"Pancreatic Cancer"
"97B",5786.00976639994,-0.121966318253312,0.127682129572792,-0.955234053985438,0.339459348163143,0.791092066938006,"Pancreatic Cancer"
"97C",1178.93298715677,0.187297203373753,0.202993977452429,0.922673695664914,0.356177277796744,0.791092066938006,"Pancreatic Cancer"
"97D",550.092015956436,-0.171350024943349,0.288803572169008,-0.59330992223003,0.552973759651005,0.894332873433157,"Pancreatic Cancer"
"98B",1374.89896619735,-0.40046921317625,0.25792646855127,-1.55264876623799,0.120507068449362,0.59158015420596,"Pancreatic Cancer"
"98C",357.418728418767,0.131641088685284,0.300971311755538,0.437387496892756,0.661830350113398,0.91424936736595,"Pancreatic Cancer"
"98D",673.599721985084,0.125648218023789,0.25516531949584,0.492418868959334,0.622423262944812,0.910059516850534,"Pancreatic Cancer"
"99C",3113.2928182168,-0.21670821525427,0.124961836922595,-1.73419517983322,0.0828834579323074,0.561971443173129,"Pancreatic Cancer"
"99D",642.076890687204,0.188288568804848,0.226852313518906,0.830005063136177,0.406535921020834,0.818584193513136,"Pancreatic Cancer"
"9A",1425.55002007064,-0.331984518909816,0.15677730836612,-2.11755465360163,0.0342128020293518,0.479138803976661,"Pancreatic Cancer"
"9B",361.758060743066,-0.969846084681163,0.329383925054326,-2.94442445702596,0.00323555923068839,0.1478401679253,"Pancreatic Cancer"
"9C",2979.93185132242,0.0105515965491587,0.122225501943634,0.0863289279353883,0.931204943143943,0.973830521527292,"Pancreatic Cancer"
"9D",2920.80321887139,-0.00461472461515525,0.182808089740499,-0.0252435470536668,0.979860702485165,0.993237640403051,"Pancreatic Cancer"
">peptide17B",70178.3277057472,-0.125632042836695,0.123495972517095,-1.01729668001362,0.309012315501796,0.786808744171196,"Pancreatic Cancer"
">peptide54A (partial peptide from chrM ND4L)",25558.2193123558,-0.0100637524784739,0.149944176347773,-0.0671166611708383,0.946488830106561,0.979467534988323,"Pancreatic Cancer"
"MISSING",5907.68189642508,-0.0869616149118674,0.196408925861964,-0.442757957817986,0.657940815888705,0.91424936736595,"Pancreatic Cancer"
